{"offline_id": "aaf79795d6234d61a785ddd51986a22d", "project_name": "yolov5", "start_time": 1687925317613, "stop_time": 1687925319913, "tags": [], "workspace": null, "resume_strategy": "create", "customer_error_reported": true, "customer_error_message": "Unexpected error detected in the user script: UnicodeDecodeError('charmap', b\"# YOLOv5 \\xf0\\x9f\\x9a\\x80 by Ultralytics, AGPL-3.0 license\\n# COCO128 dataset https://www.kaggle.com/ultralytics/coco128 (first 128 images from COCO train2017) by Ultralytics\\n# Example usage: python train.py --data coco128.yaml\\n# parent\\n# \\xe2\\x94\\x9c\\xe2\\x94\\x80\\xe2\\x94\\x80 yolov5\\n# \\xe2\\x94\\x94\\xe2\\x94\\x80\\xe2\\x94\\x80 datasets\\n#     \\xe2\\x94\\x94\\xe2\\x94\\x80\\xe2\\x94\\x80 coco128  \\xe2\\x86\\x90 downloads here (7 MB)\\n\\n\\n# Train/val/test sets as 1) dir: path/to/imgs, 2) file: path/to/imgs.txt, or 3) list: [path/to/imgs1, path/to/imgs2, ..]\\npath: ../datasets/car_demo  # dataset root dir\\ntrain: images/  # train images (relative to 'path') 128 images\\nval: images/  # val images (relative to 'path') 128 images\\ntest:  # test images (optional)\\n\\n# Classes\\nnames:\\n  0: car\\n\\n\", 291, 292, 'character maps to <undefined>')"}