{"payload":{"installed_packages":["aiofiles==22.1.0","aiosqlite==0.18.0","anyio==3.5.0","argon2-cffi-bindings==21.2.0","argon2-cffi==21.3.0","asttokens==2.0.5","attrs==22.1.0","babel==2.11.0","backcall==0.2.0","beautifulsoup4==4.12.2","bleach==4.1.0","brotlipy==0.7.0","certifi==2023.5.7","cffi==1.15.1","charset-normalizer==2.0.4","colorama==0.4.6","comet-ml==3.33.5","comm==0.1.2","configobj==5.0.8","contourpy==1.1.0","cryptography==39.0.1","cycler==0.11.0","debugpy==1.5.1","decorator==5.1.1","defusedxml==0.7.1","dulwich==0.21.5","entrypoints==0.4","everett==3.1.0","executing==0.8.3","fastjsonschema==2.16.2","filelock==3.12.2","fonttools==4.40.0","gitdb==4.0.10","gitpython==3.1.31","idna==3.4","ipykernel==6.19.2","ipython-genutils==0.2.0","ipython==8.12.0","ipywidgets==8.0.4","jedi==0.18.1","jinja2==3.1.2","json5==0.9.6","jsonschema==4.17.3","jupyter-client==8.1.0","jupyter-console==6.6.3","jupyter-core==5.3.0","jupyter-events==0.6.3","jupyter-server-fileid==0.9.0","jupyter-server-terminals==0.4.4","jupyter-server-ydoc==0.8.0","jupyter-server==2.5.0","jupyter-ydoc==0.2.4","jupyter==1.0.0","jupyterlab-pygments==0.1.2","jupyterlab-server==2.22.0","jupyterlab-widgets==3.0.5","jupyterlab==3.6.3","kiwisolver==1.4.4","lxml==4.9.2","markdown-it-py==3.0.0","markupsafe==2.1.1","matplotlib-inline==0.1.6","matplotlib==3.7.1","mdurl==0.1.2","mistune==0.8.4","mpmath==1.3.0","nbclassic==0.5.5","nbclient==0.5.13","nbconvert==6.5.4","nbformat==5.7.0","nest-asyncio==1.5.6","networkx==3.1","notebook-shim==0.2.2","notebook==6.5.4","numpy==1.25.0","opencv-python==4.7.0.72","packaging==23.0","pandas==2.0.2","pandocfilters==1.5.0","parso==0.8.3","pickleshare==0.7.5","pillow==9.5.0","pip==23.1.2","platformdirs==2.5.2","ply==3.11","prometheus-client==0.14.1","prompt-toolkit==3.0.36","psutil==5.9.0","pure-eval==0.2.2","pycparser==2.21","pygments==2.15.1","pyopenssl==23.0.0","pyparsing==3.1.0","pyqt5-sip==12.11.0","pyqt5==5.15.7","pyrsistent==0.18.0","pysocks==1.7.1","python-box==6.1.0","python-dateutil==2.8.2","python-json-logger==2.0.7","pytz==2022.7","pywin32==305.1","pywinpty==2.0.10","pyyaml==6.0","pyzmq==25.1.0","qtconsole==5.4.2","qtpy==2.2.0","requests-toolbelt==1.0.0","requests==2.29.0","rfc3339-validator==0.1.4","rfc3986-validator==0.1.1","rich==13.4.2","scipy==1.11.0","seaborn==0.12.2","semantic-version==2.10.0","send2trash==1.8.0","sentry-sdk==1.26.0","setuptools==67.8.0","simplejson==3.19.1","sip==6.6.2","six==1.16.0","smmap==5.0.0","sniffio==1.2.0","soupsieve==2.4","stack-data==0.2.0","sympy==1.12","terminado==0.17.1","thop==0.1.1.post2209072238","tinycss2==1.2.1","toml==0.10.2","torch==2.0.1+cu118","torchaudio==2.0.2+cu118","torchvision==0.15.2+cu118","tornado==6.2","tqdm==4.65.0","traitlets==5.7.1","typing-extensions==4.6.3","tzdata==2023.3","ultralytics==8.0.124","urllib3==1.26.16","wcwidth==0.2.5","webencodings==0.5.1","websocket-client==0.58.0","wheel==0.38.4","widgetsnbextension==4.0.5","win-inet-pton==1.1.0","wrapt==1.15.0","wurlitzer==3.0.3","y-py==0.5.9","ypy-websocket==0.8.2"],"local_timestamp":1687925317613},"type":"ws_msg"}
{"payload":{"env_details":{"command":["train.py","--img","640","--batch","8","--epochs","100","--data","car_counting.yaml","--weights","yolov5s.pt","--cache"],"env":null,"hostname":"ITD9HTSCL251701","ip":"10.101.2.33","machine":"AMD64","os":"Windows-10-10.0.19044-SP0","os_release":"10","os_type":"Windows","pid":5320,"processor":"Intel64 Family 6 Model 151 Stepping 2, GenuineIntel","python_exe":"C:\\Users\\tjzhang\\AppData\\Local\\anaconda3\\envs\\car_count\\python.exe","python_version":"3.11.3","python_version_verbose":"3.11.3 | packaged by Anaconda, Inc. | (main, Apr 19 2023, 23:46:34) [MSC v.1916 64 bit (AMD64)]","user":"tjzhang"},"local_timestamp":1687925317707},"type":"ws_msg"}
{"payload":{"gpu_static_info":[{"gpu_index":0,"name":"NVIDIA RTX A1000 Laptop GPU","power_limit":null,"total_memory":4294967296,"uuid":"GPU-08c8ace8-f9ed-69ef-4d50-b5a311be231b"}],"local_timestamp":1687925317722},"type":"ws_msg"}
{"payload":{"local_timestamp":1687925317722,"metric":{"epoch":null,"metricName":"sys.gpu.0.total_memory","metricValue":4294967296,"step":null}},"type":"metric_msg"}
{"payload":{"local_timestamp":1687925317894,"metric":{"epoch":null,"metricName":"sys.cpu.percent.avg","metricValue":4.466666666666667,"step":null}},"type":"metric_msg"}
{"payload":{"local_timestamp":1687925317894,"metric":{"epoch":null,"metricName":"sys.load.avg","metricValue":0.0,"step":null}},"type":"metric_msg"}
{"payload":{"local_timestamp":1687925317894,"metric":{"epoch":null,"metricName":"sys.ram.total","metricValue":34029162496,"step":null}},"type":"metric_msg"}
{"payload":{"local_timestamp":1687925317894,"metric":{"epoch":null,"metricName":"sys.ram.used","metricValue":9859747840,"step":null}},"type":"metric_msg"}
{"payload":{"local_timestamp":1687925317894,"param":{"paramName":"img","paramValue":640,"source":"cli","step":null}},"type":"parameter_msg"}
{"payload":{"local_timestamp":1687925317894,"param":{"paramName":"batch","paramValue":8,"source":"cli","step":null}},"type":"parameter_msg"}
{"payload":{"local_timestamp":1687925317894,"param":{"paramName":"epochs","paramValue":100,"source":"cli","step":null}},"type":"parameter_msg"}
{"payload":{"local_timestamp":1687925317894,"param":{"paramName":"data","paramValue":"car_counting.yaml","source":"cli","step":null}},"type":"parameter_msg"}
{"payload":{"local_timestamp":1687925317894,"param":{"paramName":"weights","paramValue":"yolov5s.pt","source":"cli","step":null}},"type":"parameter_msg"}
{"payload":{"local_timestamp":1687925317894,"param":{"paramName":"cache","paramValue":true,"source":"cli","step":null}},"type":"parameter_msg"}
{"payload":{"local_timestamp":1687925317910,"log_other":{"key":"offline_experiment","val":true}},"type":"ws_msg"}
{"payload":{"local_timestamp":1687925317910,"log_other":{"key":"Name","val":"exp"}},"type":"ws_msg"}
{"payload":{"local_timestamp":1687925317910,"metric":{"epoch":null,"metricName":"sys.gpu.0.free_memory","metricValue":4184866816,"step":null}},"type":"metric_msg"}
{"payload":{"local_timestamp":1687925317910,"metric":{"epoch":null,"metricName":"sys.gpu.0.gpu_utilization","metricValue":0,"step":null}},"type":"metric_msg"}
{"payload":{"local_timestamp":1687925317910,"metric":{"epoch":null,"metricName":"sys.gpu.0.power_usage","metricValue":25157,"step":null}},"type":"metric_msg"}
{"payload":{"local_timestamp":1687925317910,"metric":{"epoch":null,"metricName":"sys.gpu.0.temperature","metricValue":54,"step":null}},"type":"metric_msg"}
{"payload":{"local_timestamp":1687925317910,"metric":{"epoch":null,"metricName":"sys.gpu.0.used_memory","metricValue":110100480,"step":null}},"type":"metric_msg"}
{"payload":{"local_timestamp":1687925317910,"stderr":true,"stdout":"Traceback (most recent call last):\n"},"type":"ws_msg"}
{"payload":{"local_timestamp":1687925317910,"stderr":true,"stdout":"  File \"C:\\Users\\tjzhang\\Documents\\GitHub\\ITDintern\\yolov5-master\\train.py\", line 647, in <module>\n"},"type":"ws_msg"}
{"payload":{"local_timestamp":1687925317910,"stderr":true,"stdout":"    "},"type":"ws_msg"}
{"payload":{"local_timestamp":1687925317910,"stderr":true,"stdout":"main(opt)"},"type":"ws_msg"}
{"payload":{"local_timestamp":1687925317910,"stderr":true,"stdout":"\n"},"type":"ws_msg"}
{"payload":{"local_timestamp":1687925317910,"stderr":true,"stdout":"  File \"C:\\Users\\tjzhang\\Documents\\GitHub\\ITDintern\\yolov5-master\\train.py\", line 536, in main\n"},"type":"ws_msg"}
{"payload":{"local_timestamp":1687925317910,"stderr":true,"stdout":"    "},"type":"ws_msg"}
{"payload":{"local_timestamp":1687925317910,"stderr":true,"stdout":"train(opt.hyp, opt, device, callbacks)"},"type":"ws_msg"}
{"payload":{"local_timestamp":1687925317910,"stderr":true,"stdout":"\n"},"type":"ws_msg"}
{"payload":{"local_timestamp":1687925317910,"stderr":true,"stdout":"  File \"C:\\Users\\tjzhang\\Documents\\GitHub\\ITDintern\\yolov5-master\\train.py\", line 101, in train\n"},"type":"ws_msg"}
{"payload":{"local_timestamp":1687925317910,"stderr":true,"stdout":"    "},"type":"ws_msg"}
{"payload":{"local_timestamp":1687925317910,"stderr":true,"stdout":"loggers = Loggers(save_dir, weights, opt, hyp, LOGGER)  # loggers instance"},"type":"ws_msg"}
{"payload":{"local_timestamp":1687925317910,"stderr":true,"stdout":"\n"},"type":"ws_msg"}
{"payload":{"local_timestamp":1687925317910,"stderr":true,"stdout":" "},"type":"ws_msg"}
{"payload":{"local_timestamp":1687925317910,"stderr":true,"stdout":" "},"type":"ws_msg"}
{"payload":{"local_timestamp":1687925317910,"stderr":true,"stdout":" "},"type":"ws_msg"}
{"payload":{"local_timestamp":1687925317910,"stderr":true,"stdout":" "},"type":"ws_msg"}
{"payload":{"local_timestamp":1687925317910,"stderr":true,"stdout":" "},"type":"ws_msg"}
{"payload":{"local_timestamp":1687925317910,"stderr":true,"stdout":" "},"type":"ws_msg"}
{"payload":{"local_timestamp":1687925317910,"stderr":true,"stdout":" "},"type":"ws_msg"}
{"payload":{"local_timestamp":1687925317910,"stderr":true,"stdout":" "},"type":"ws_msg"}
{"payload":{"local_timestamp":1687925317910,"stderr":true,"stdout":" "},"type":"ws_msg"}
{"payload":{"local_timestamp":1687925317910,"stderr":true,"stdout":" "},"type":"ws_msg"}
{"payload":{"local_timestamp":1687925317910,"stderr":true,"stdout":" "},"type":"ws_msg"}
{"payload":{"local_timestamp":1687925317910,"stderr":true,"stdout":" "},"type":"ws_msg"}
{"payload":{"local_timestamp":1687925317910,"stderr":true,"stdout":" "},"type":"ws_msg"}
{"payload":{"local_timestamp":1687925317910,"stderr":true,"stdout":" "},"type":"ws_msg"}
{"payload":{"local_timestamp":1687925317910,"stderr":true,"stdout":"^"},"type":"ws_msg"}
{"payload":{"local_timestamp":1687925317910,"stderr":true,"stdout":"^"},"type":"ws_msg"}
{"payload":{"local_timestamp":1687925317910,"stderr":true,"stdout":"^"},"type":"ws_msg"}
{"payload":{"local_timestamp":1687925317910,"stderr":true,"stdout":"^"},"type":"ws_msg"}
{"payload":{"local_timestamp":1687925317910,"stderr":true,"stdout":"^"},"type":"ws_msg"}
{"payload":{"local_timestamp":1687925317910,"stderr":true,"stdout":"^"},"type":"ws_msg"}
{"payload":{"local_timestamp":1687925317910,"stderr":true,"stdout":"^"},"type":"ws_msg"}
{"payload":{"local_timestamp":1687925317910,"stderr":true,"stdout":"^"},"type":"ws_msg"}
{"payload":{"local_timestamp":1687925317910,"stderr":true,"stdout":"^"},"type":"ws_msg"}
{"payload":{"local_timestamp":1687925317910,"stderr":true,"stdout":"^"},"type":"ws_msg"}
{"payload":{"local_timestamp":1687925317910,"stderr":true,"stdout":"^"},"type":"ws_msg"}
{"payload":{"local_timestamp":1687925317910,"stderr":true,"stdout":"^"},"type":"ws_msg"}
{"payload":{"local_timestamp":1687925317910,"stderr":true,"stdout":"^"},"type":"ws_msg"}
{"payload":{"local_timestamp":1687925317910,"stderr":true,"stdout":"^"},"type":"ws_msg"}
{"payload":{"local_timestamp":1687925317910,"stderr":true,"stdout":"^"},"type":"ws_msg"}
{"payload":{"local_timestamp":1687925317910,"stderr":true,"stdout":"^"},"type":"ws_msg"}
{"payload":{"local_timestamp":1687925317910,"stderr":true,"stdout":"^"},"type":"ws_msg"}
{"payload":{"local_timestamp":1687925317910,"stderr":true,"stdout":"^"},"type":"ws_msg"}
{"payload":{"local_timestamp":1687925317910,"stderr":true,"stdout":"^"},"type":"ws_msg"}
{"payload":{"local_timestamp":1687925317910,"stderr":true,"stdout":"^"},"type":"ws_msg"}
{"payload":{"local_timestamp":1687925317910,"stderr":true,"stdout":"^"},"type":"ws_msg"}
{"payload":{"local_timestamp":1687925317910,"stderr":true,"stdout":"^"},"type":"ws_msg"}
{"payload":{"local_timestamp":1687925317910,"stderr":true,"stdout":"^"},"type":"ws_msg"}
{"payload":{"local_timestamp":1687925317910,"stderr":true,"stdout":"^"},"type":"ws_msg"}
{"payload":{"local_timestamp":1687925317910,"stderr":true,"stdout":"^"},"type":"ws_msg"}
{"payload":{"local_timestamp":1687925317910,"stderr":true,"stdout":"^"},"type":"ws_msg"}
{"payload":{"local_timestamp":1687925317910,"stderr":true,"stdout":"^"},"type":"ws_msg"}
{"payload":{"local_timestamp":1687925317910,"stderr":true,"stdout":"^"},"type":"ws_msg"}
{"payload":{"local_timestamp":1687925317910,"stderr":true,"stdout":"^"},"type":"ws_msg"}
{"payload":{"local_timestamp":1687925317910,"stderr":true,"stdout":"^"},"type":"ws_msg"}
{"payload":{"local_timestamp":1687925317910,"stderr":true,"stdout":"^"},"type":"ws_msg"}
{"payload":{"local_timestamp":1687925317910,"stderr":true,"stdout":"^"},"type":"ws_msg"}
{"payload":{"local_timestamp":1687925317910,"stderr":true,"stdout":"^"},"type":"ws_msg"}
{"payload":{"local_timestamp":1687925317910,"stderr":true,"stdout":"^"},"type":"ws_msg"}
{"payload":{"local_timestamp":1687925317910,"stderr":true,"stdout":"^"},"type":"ws_msg"}
{"payload":{"local_timestamp":1687925317910,"stderr":true,"stdout":"^"},"type":"ws_msg"}
{"payload":{"local_timestamp":1687925317910,"stderr":true,"stdout":"^"},"type":"ws_msg"}
{"payload":{"local_timestamp":1687925317910,"stderr":true,"stdout":"^"},"type":"ws_msg"}
{"payload":{"local_timestamp":1687925317910,"stderr":true,"stdout":"^"},"type":"ws_msg"}
{"payload":{"local_timestamp":1687925317910,"stderr":true,"stdout":"^"},"type":"ws_msg"}
{"payload":{"local_timestamp":1687925317910,"stderr":true,"stdout":"^"},"type":"ws_msg"}
{"payload":{"local_timestamp":1687925317910,"stderr":true,"stdout":"^"},"type":"ws_msg"}
{"payload":{"local_timestamp":1687925317910,"stderr":true,"stdout":"^"},"type":"ws_msg"}
{"payload":{"local_timestamp":1687925317910,"stderr":true,"stdout":"^"},"type":"ws_msg"}
{"payload":{"local_timestamp":1687925317910,"stderr":true,"stdout":"\n"},"type":"ws_msg"}
{"payload":{"local_timestamp":1687925317910,"stderr":true,"stdout":"  File \"C:\\Users\\tjzhang\\Documents\\GitHub\\ITDintern\\yolov5-master\\utils\\loggers\\__init__.py\", line 129, in __init__\n"},"type":"ws_msg"}
{"payload":{"local_timestamp":1687925317910,"stderr":true,"stdout":"    "},"type":"ws_msg"}
{"payload":{"local_timestamp":1687925317910,"stderr":true,"stdout":"self.comet_logger = CometLogger(self.opt, self.hyp)"},"type":"ws_msg"}
{"payload":{"local_timestamp":1687925317910,"stderr":true,"stdout":"\n"},"type":"ws_msg"}
{"payload":{"local_timestamp":1687925317910,"stderr":true,"stdout":" "},"type":"ws_msg"}
{"payload":{"local_timestamp":1687925317910,"stderr":true,"stdout":" "},"type":"ws_msg"}
{"payload":{"local_timestamp":1687925317910,"stderr":true,"stdout":" "},"type":"ws_msg"}
{"payload":{"local_timestamp":1687925317910,"stderr":true,"stdout":" "},"type":"ws_msg"}
{"payload":{"local_timestamp":1687925317910,"stderr":true,"stdout":" "},"type":"ws_msg"}
{"payload":{"local_timestamp":1687925317910,"stderr":true,"stdout":" "},"type":"ws_msg"}
{"payload":{"local_timestamp":1687925317910,"stderr":true,"stdout":" "},"type":"ws_msg"}
{"payload":{"local_timestamp":1687925317910,"stderr":true,"stdout":" "},"type":"ws_msg"}
{"payload":{"local_timestamp":1687925317910,"stderr":true,"stdout":" "},"type":"ws_msg"}
{"payload":{"local_timestamp":1687925317910,"stderr":true,"stdout":" "},"type":"ws_msg"}
{"payload":{"local_timestamp":1687925317910,"stderr":true,"stdout":" "},"type":"ws_msg"}
{"payload":{"local_timestamp":1687925317910,"stderr":true,"stdout":" "},"type":"ws_msg"}
{"payload":{"local_timestamp":1687925317910,"stderr":true,"stdout":" "},"type":"ws_msg"}
{"payload":{"local_timestamp":1687925317910,"stderr":true,"stdout":" "},"type":"ws_msg"}
{"payload":{"local_timestamp":1687925317910,"stderr":true,"stdout":" "},"type":"ws_msg"}
{"payload":{"local_timestamp":1687925317910,"stderr":true,"stdout":" "},"type":"ws_msg"}
{"payload":{"local_timestamp":1687925317910,"stderr":true,"stdout":" "},"type":"ws_msg"}
{"payload":{"local_timestamp":1687925317910,"stderr":true,"stdout":" "},"type":"ws_msg"}
{"payload":{"local_timestamp":1687925317910,"stderr":true,"stdout":" "},"type":"ws_msg"}
{"payload":{"local_timestamp":1687925317910,"stderr":true,"stdout":" "},"type":"ws_msg"}
{"payload":{"local_timestamp":1687925317910,"stderr":true,"stdout":" "},"type":"ws_msg"}
{"payload":{"local_timestamp":1687925317910,"stderr":true,"stdout":" "},"type":"ws_msg"}
{"payload":{"local_timestamp":1687925317910,"stderr":true,"stdout":" "},"type":"ws_msg"}
{"payload":{"local_timestamp":1687925317910,"stderr":true,"stdout":" "},"type":"ws_msg"}
{"payload":{"local_timestamp":1687925317910,"stderr":true,"stdout":"^"},"type":"ws_msg"}
{"payload":{"local_timestamp":1687925317910,"stderr":true,"stdout":"^"},"type":"ws_msg"}
{"payload":{"local_timestamp":1687925317910,"stderr":true,"stdout":"^"},"type":"ws_msg"}
{"payload":{"local_timestamp":1687925317910,"stderr":true,"stdout":"^"},"type":"ws_msg"}
{"payload":{"local_timestamp":1687925317910,"stderr":true,"stdout":"^"},"type":"ws_msg"}
{"payload":{"local_timestamp":1687925317910,"stderr":true,"stdout":"^"},"type":"ws_msg"}
{"payload":{"local_timestamp":1687925317910,"stderr":true,"stdout":"^"},"type":"ws_msg"}
{"payload":{"local_timestamp":1687925317910,"stderr":true,"stdout":"^"},"type":"ws_msg"}
{"payload":{"local_timestamp":1687925317910,"stderr":true,"stdout":"^"},"type":"ws_msg"}
{"payload":{"local_timestamp":1687925317910,"stderr":true,"stdout":"^"},"type":"ws_msg"}
{"payload":{"local_timestamp":1687925317910,"stderr":true,"stdout":"^"},"type":"ws_msg"}
{"payload":{"local_timestamp":1687925317910,"stderr":true,"stdout":"^"},"type":"ws_msg"}
{"payload":{"local_timestamp":1687925317910,"stderr":true,"stdout":"^"},"type":"ws_msg"}
{"payload":{"local_timestamp":1687925317910,"stderr":true,"stdout":"^"},"type":"ws_msg"}
{"payload":{"local_timestamp":1687925317910,"stderr":true,"stdout":"^"},"type":"ws_msg"}
{"payload":{"local_timestamp":1687925317910,"stderr":true,"stdout":"^"},"type":"ws_msg"}
{"payload":{"local_timestamp":1687925317910,"stderr":true,"stdout":"^"},"type":"ws_msg"}
{"payload":{"local_timestamp":1687925317910,"stderr":true,"stdout":"^"},"type":"ws_msg"}
{"payload":{"local_timestamp":1687925317910,"stderr":true,"stdout":"^"},"type":"ws_msg"}
{"payload":{"local_timestamp":1687925317910,"stderr":true,"stdout":"^"},"type":"ws_msg"}
{"payload":{"local_timestamp":1687925317910,"stderr":true,"stdout":"^"},"type":"ws_msg"}
{"payload":{"local_timestamp":1687925317910,"stderr":true,"stdout":"^"},"type":"ws_msg"}
{"payload":{"local_timestamp":1687925317910,"stderr":true,"stdout":"^"},"type":"ws_msg"}
{"payload":{"local_timestamp":1687925317910,"stderr":true,"stdout":"^"},"type":"ws_msg"}
{"payload":{"local_timestamp":1687925317910,"stderr":true,"stdout":"^"},"type":"ws_msg"}
{"payload":{"local_timestamp":1687925317910,"stderr":true,"stdout":"^"},"type":"ws_msg"}
{"payload":{"local_timestamp":1687925317910,"stderr":true,"stdout":"^"},"type":"ws_msg"}
{"payload":{"local_timestamp":1687925317910,"stderr":true,"stdout":"^"},"type":"ws_msg"}
{"payload":{"local_timestamp":1687925317910,"stderr":true,"stdout":"^"},"type":"ws_msg"}
{"payload":{"local_timestamp":1687925317910,"stderr":true,"stdout":"^"},"type":"ws_msg"}
{"payload":{"local_timestamp":1687925317910,"stderr":true,"stdout":"^"},"type":"ws_msg"}
{"payload":{"local_timestamp":1687925317910,"stderr":true,"stdout":"\n"},"type":"ws_msg"}
{"payload":{"local_timestamp":1687925317910,"stderr":true,"stdout":"  File \"C:\\Users\\tjzhang\\Documents\\GitHub\\ITDintern\\yolov5-master\\utils\\loggers\\comet\\__init__.py\", line 98, in __init__\n"},"type":"ws_msg"}
{"payload":{"local_timestamp":1687925317910,"stderr":true,"stdout":"    "},"type":"ws_msg"}
{"payload":{"local_timestamp":1687925317910,"stderr":true,"stdout":"self.data_dict = self.check_dataset(self.opt.data)"},"type":"ws_msg"}
{"payload":{"local_timestamp":1687925317910,"stderr":true,"stdout":"\n"},"type":"ws_msg"}
{"payload":{"local_timestamp":1687925317910,"stderr":true,"stdout":" "},"type":"ws_msg"}
{"payload":{"local_timestamp":1687925317910,"stderr":true,"stdout":" "},"type":"ws_msg"}
{"payload":{"local_timestamp":1687925317910,"stderr":true,"stdout":" "},"type":"ws_msg"}
{"payload":{"local_timestamp":1687925317910,"stderr":true,"stdout":" "},"type":"ws_msg"}
{"payload":{"local_timestamp":1687925317910,"stderr":true,"stdout":" "},"type":"ws_msg"}
{"payload":{"local_timestamp":1687925317910,"stderr":true,"stdout":" "},"type":"ws_msg"}
{"payload":{"local_timestamp":1687925317910,"stderr":true,"stdout":" "},"type":"ws_msg"}
{"payload":{"local_timestamp":1687925317910,"stderr":true,"stdout":" "},"type":"ws_msg"}
{"payload":{"local_timestamp":1687925317910,"stderr":true,"stdout":" "},"type":"ws_msg"}
{"payload":{"local_timestamp":1687925317910,"stderr":true,"stdout":" "},"type":"ws_msg"}
{"payload":{"local_timestamp":1687925317910,"stderr":true,"stdout":" "},"type":"ws_msg"}
{"payload":{"local_timestamp":1687925317910,"stderr":true,"stdout":" "},"type":"ws_msg"}
{"payload":{"local_timestamp":1687925317910,"stderr":true,"stdout":" "},"type":"ws_msg"}
{"payload":{"local_timestamp":1687925317910,"stderr":true,"stdout":" "},"type":"ws_msg"}
{"payload":{"local_timestamp":1687925317910,"stderr":true,"stdout":" "},"type":"ws_msg"}
{"payload":{"local_timestamp":1687925317910,"stderr":true,"stdout":" "},"type":"ws_msg"}
{"payload":{"local_timestamp":1687925317910,"stderr":true,"stdout":" "},"type":"ws_msg"}
{"payload":{"local_timestamp":1687925317910,"stderr":true,"stdout":" "},"type":"ws_msg"}
{"payload":{"local_timestamp":1687925317910,"stderr":true,"stdout":" "},"type":"ws_msg"}
{"payload":{"local_timestamp":1687925317910,"stderr":true,"stdout":" "},"type":"ws_msg"}
{"payload":{"local_timestamp":1687925317910,"stderr":true,"stdout":" "},"type":"ws_msg"}
{"payload":{"local_timestamp":1687925317910,"stderr":true,"stdout":"^"},"type":"ws_msg"}
{"payload":{"local_timestamp":1687925317910,"stderr":true,"stdout":"^"},"type":"ws_msg"}
{"payload":{"local_timestamp":1687925317910,"stderr":true,"stdout":"^"},"type":"ws_msg"}
{"payload":{"local_timestamp":1687925317910,"stderr":true,"stdout":"^"},"type":"ws_msg"}
{"payload":{"local_timestamp":1687925317910,"stderr":true,"stdout":"^"},"type":"ws_msg"}
{"payload":{"local_timestamp":1687925317910,"stderr":true,"stdout":"^"},"type":"ws_msg"}
{"payload":{"local_timestamp":1687925317910,"stderr":true,"stdout":"^"},"type":"ws_msg"}
{"payload":{"local_timestamp":1687925317910,"stderr":true,"stdout":"^"},"type":"ws_msg"}
{"payload":{"local_timestamp":1687925317910,"stderr":true,"stdout":"^"},"type":"ws_msg"}
{"payload":{"local_timestamp":1687925317910,"stderr":true,"stdout":"^"},"type":"ws_msg"}
{"payload":{"local_timestamp":1687925317910,"stderr":true,"stdout":"^"},"type":"ws_msg"}
{"payload":{"local_timestamp":1687925317910,"stderr":true,"stdout":"^"},"type":"ws_msg"}
{"payload":{"local_timestamp":1687925317910,"stderr":true,"stdout":"^"},"type":"ws_msg"}
{"payload":{"local_timestamp":1687925317910,"stderr":true,"stdout":"^"},"type":"ws_msg"}
{"payload":{"local_timestamp":1687925317910,"stderr":true,"stdout":"^"},"type":"ws_msg"}
{"payload":{"local_timestamp":1687925317910,"stderr":true,"stdout":"^"},"type":"ws_msg"}
{"payload":{"local_timestamp":1687925317910,"stderr":true,"stdout":"^"},"type":"ws_msg"}
{"payload":{"local_timestamp":1687925317910,"stderr":true,"stdout":"^"},"type":"ws_msg"}
{"payload":{"local_timestamp":1687925317910,"stderr":true,"stdout":"^"},"type":"ws_msg"}
{"payload":{"local_timestamp":1687925317910,"stderr":true,"stdout":"^"},"type":"ws_msg"}
{"payload":{"local_timestamp":1687925317910,"stderr":true,"stdout":"^"},"type":"ws_msg"}
{"payload":{"local_timestamp":1687925317910,"stderr":true,"stdout":"^"},"type":"ws_msg"}
{"payload":{"local_timestamp":1687925317910,"stderr":true,"stdout":"^"},"type":"ws_msg"}
{"payload":{"local_timestamp":1687925317910,"stderr":true,"stdout":"^"},"type":"ws_msg"}
{"payload":{"local_timestamp":1687925317910,"stderr":true,"stdout":"^"},"type":"ws_msg"}
{"payload":{"local_timestamp":1687925317910,"stderr":true,"stdout":"^"},"type":"ws_msg"}
{"payload":{"local_timestamp":1687925317910,"stderr":true,"stdout":"^"},"type":"ws_msg"}
{"payload":{"local_timestamp":1687925317910,"stderr":true,"stdout":"^"},"type":"ws_msg"}
{"payload":{"local_timestamp":1687925317910,"stderr":true,"stdout":"^"},"type":"ws_msg"}
{"payload":{"local_timestamp":1687925317910,"stderr":true,"stdout":"^"},"type":"ws_msg"}
{"payload":{"local_timestamp":1687925317910,"stderr":true,"stdout":"^"},"type":"ws_msg"}
{"payload":{"local_timestamp":1687925317910,"stderr":true,"stdout":"^"},"type":"ws_msg"}
{"payload":{"local_timestamp":1687925317910,"stderr":true,"stdout":"^"},"type":"ws_msg"}
{"payload":{"local_timestamp":1687925317910,"stderr":true,"stdout":"\n"},"type":"ws_msg"}
{"payload":{"local_timestamp":1687925317910,"stderr":true,"stdout":"  File \"C:\\Users\\tjzhang\\Documents\\GitHub\\ITDintern\\yolov5-master\\utils\\loggers\\comet\\__init__.py\", line 233, in check_dataset\n"},"type":"ws_msg"}
{"payload":{"local_timestamp":1687925317910,"stderr":true,"stdout":"    "},"type":"ws_msg"}
{"payload":{"local_timestamp":1687925317910,"stderr":true,"stdout":"data_config = yaml.safe_load(f)"},"type":"ws_msg"}
{"payload":{"local_timestamp":1687925317910,"stderr":true,"stdout":"\n"},"type":"ws_msg"}
{"payload":{"local_timestamp":1687925317910,"stderr":true,"stdout":" "},"type":"ws_msg"}
{"payload":{"local_timestamp":1687925317910,"stderr":true,"stdout":" "},"type":"ws_msg"}
{"payload":{"local_timestamp":1687925317910,"stderr":true,"stdout":" "},"type":"ws_msg"}
{"payload":{"local_timestamp":1687925317910,"stderr":true,"stdout":" "},"type":"ws_msg"}
{"payload":{"local_timestamp":1687925317910,"stderr":true,"stdout":" "},"type":"ws_msg"}
{"payload":{"local_timestamp":1687925317910,"stderr":true,"stdout":" "},"type":"ws_msg"}
{"payload":{"local_timestamp":1687925317910,"stderr":true,"stdout":" "},"type":"ws_msg"}
{"payload":{"local_timestamp":1687925317910,"stderr":true,"stdout":" "},"type":"ws_msg"}
{"payload":{"local_timestamp":1687925317910,"stderr":true,"stdout":" "},"type":"ws_msg"}
{"payload":{"local_timestamp":1687925317910,"stderr":true,"stdout":" "},"type":"ws_msg"}
{"payload":{"local_timestamp":1687925317910,"stderr":true,"stdout":" "},"type":"ws_msg"}
{"payload":{"local_timestamp":1687925317910,"stderr":true,"stdout":" "},"type":"ws_msg"}
{"payload":{"local_timestamp":1687925317910,"stderr":true,"stdout":" "},"type":"ws_msg"}
{"payload":{"local_timestamp":1687925317910,"stderr":true,"stdout":" "},"type":"ws_msg"}
{"payload":{"local_timestamp":1687925317910,"stderr":true,"stdout":" "},"type":"ws_msg"}
{"payload":{"local_timestamp":1687925317910,"stderr":true,"stdout":" "},"type":"ws_msg"}
{"payload":{"local_timestamp":1687925317910,"stderr":true,"stdout":" "},"type":"ws_msg"}
{"payload":{"local_timestamp":1687925317910,"stderr":true,"stdout":" "},"type":"ws_msg"}
{"payload":{"local_timestamp":1687925317910,"stderr":true,"stdout":"^"},"type":"ws_msg"}
{"payload":{"local_timestamp":1687925317910,"stderr":true,"stdout":"^"},"type":"ws_msg"}
{"payload":{"local_timestamp":1687925317910,"stderr":true,"stdout":"^"},"type":"ws_msg"}
{"payload":{"local_timestamp":1687925317910,"stderr":true,"stdout":"^"},"type":"ws_msg"}
{"payload":{"local_timestamp":1687925317910,"stderr":true,"stdout":"^"},"type":"ws_msg"}
{"payload":{"local_timestamp":1687925317910,"stderr":true,"stdout":"^"},"type":"ws_msg"}
{"payload":{"local_timestamp":1687925317910,"stderr":true,"stdout":"^"},"type":"ws_msg"}
{"payload":{"local_timestamp":1687925317910,"stderr":true,"stdout":"^"},"type":"ws_msg"}
{"payload":{"local_timestamp":1687925317910,"stderr":true,"stdout":"^"},"type":"ws_msg"}
{"payload":{"local_timestamp":1687925317910,"stderr":true,"stdout":"^"},"type":"ws_msg"}
{"payload":{"local_timestamp":1687925317910,"stderr":true,"stdout":"^"},"type":"ws_msg"}
{"payload":{"local_timestamp":1687925317910,"stderr":true,"stdout":"^"},"type":"ws_msg"}
{"payload":{"local_timestamp":1687925317910,"stderr":true,"stdout":"^"},"type":"ws_msg"}
{"payload":{"local_timestamp":1687925317910,"stderr":true,"stdout":"^"},"type":"ws_msg"}
{"payload":{"local_timestamp":1687925317910,"stderr":true,"stdout":"^"},"type":"ws_msg"}
{"payload":{"local_timestamp":1687925317910,"stderr":true,"stdout":"^"},"type":"ws_msg"}
{"payload":{"local_timestamp":1687925317910,"stderr":true,"stdout":"^"},"type":"ws_msg"}
{"payload":{"local_timestamp":1687925317910,"stderr":true,"stdout":"\n"},"type":"ws_msg"}
{"payload":{"local_timestamp":1687925317910,"stderr":true,"stdout":"  File \"C:\\Users\\tjzhang\\AppData\\Local\\anaconda3\\envs\\car_count\\Lib\\site-packages\\yaml\\__init__.py\", line 125, in safe_load\n"},"type":"ws_msg"}
{"payload":{"local_timestamp":1687925317910,"stderr":true,"stdout":"    "},"type":"ws_msg"}
{"payload":{"local_timestamp":1687925317910,"stderr":true,"stdout":"return load(stream, SafeLoader)"},"type":"ws_msg"}
{"payload":{"local_timestamp":1687925317910,"stderr":true,"stdout":"\n"},"type":"ws_msg"}
{"payload":{"local_timestamp":1687925317910,"stderr":true,"stdout":" "},"type":"ws_msg"}
{"payload":{"local_timestamp":1687925317910,"stderr":true,"stdout":" "},"type":"ws_msg"}
{"payload":{"local_timestamp":1687925317910,"stderr":true,"stdout":" "},"type":"ws_msg"}
{"payload":{"local_timestamp":1687925317910,"stderr":true,"stdout":" "},"type":"ws_msg"}
{"payload":{"local_timestamp":1687925317910,"stderr":true,"stdout":" "},"type":"ws_msg"}
{"payload":{"local_timestamp":1687925317910,"stderr":true,"stdout":" "},"type":"ws_msg"}
{"payload":{"local_timestamp":1687925317910,"stderr":true,"stdout":" "},"type":"ws_msg"}
{"payload":{"local_timestamp":1687925317910,"stderr":true,"stdout":" "},"type":"ws_msg"}
{"payload":{"local_timestamp":1687925317910,"stderr":true,"stdout":" "},"type":"ws_msg"}
{"payload":{"local_timestamp":1687925317910,"stderr":true,"stdout":" "},"type":"ws_msg"}
{"payload":{"local_timestamp":1687925317910,"stderr":true,"stdout":" "},"type":"ws_msg"}
{"payload":{"local_timestamp":1687925317910,"stderr":true,"stdout":"^"},"type":"ws_msg"}
{"payload":{"local_timestamp":1687925317910,"stderr":true,"stdout":"^"},"type":"ws_msg"}
{"payload":{"local_timestamp":1687925317910,"stderr":true,"stdout":"^"},"type":"ws_msg"}
{"payload":{"local_timestamp":1687925317910,"stderr":true,"stdout":"^"},"type":"ws_msg"}
{"payload":{"local_timestamp":1687925317910,"stderr":true,"stdout":"^"},"type":"ws_msg"}
{"payload":{"local_timestamp":1687925317910,"stderr":true,"stdout":"^"},"type":"ws_msg"}
{"payload":{"local_timestamp":1687925317910,"stderr":true,"stdout":"^"},"type":"ws_msg"}
{"payload":{"local_timestamp":1687925317910,"stderr":true,"stdout":"^"},"type":"ws_msg"}
{"payload":{"local_timestamp":1687925317910,"stderr":true,"stdout":"^"},"type":"ws_msg"}
{"payload":{"local_timestamp":1687925317910,"stderr":true,"stdout":"^"},"type":"ws_msg"}
{"payload":{"local_timestamp":1687925317910,"stderr":true,"stdout":"^"},"type":"ws_msg"}
{"payload":{"local_timestamp":1687925317910,"stderr":true,"stdout":"^"},"type":"ws_msg"}
{"payload":{"local_timestamp":1687925317910,"stderr":true,"stdout":"^"},"type":"ws_msg"}
{"payload":{"local_timestamp":1687925317910,"stderr":true,"stdout":"^"},"type":"ws_msg"}
{"payload":{"local_timestamp":1687925317910,"stderr":true,"stdout":"^"},"type":"ws_msg"}
{"payload":{"local_timestamp":1687925317910,"stderr":true,"stdout":"^"},"type":"ws_msg"}
{"payload":{"local_timestamp":1687925317910,"stderr":true,"stdout":"^"},"type":"ws_msg"}
{"payload":{"local_timestamp":1687925317910,"stderr":true,"stdout":"^"},"type":"ws_msg"}
{"payload":{"local_timestamp":1687925317910,"stderr":true,"stdout":"^"},"type":"ws_msg"}
{"payload":{"local_timestamp":1687925317910,"stderr":true,"stdout":"^"},"type":"ws_msg"}
{"payload":{"local_timestamp":1687925317910,"stderr":true,"stdout":"^"},"type":"ws_msg"}
{"payload":{"local_timestamp":1687925317910,"stderr":true,"stdout":"^"},"type":"ws_msg"}
{"payload":{"local_timestamp":1687925317910,"stderr":true,"stdout":"^"},"type":"ws_msg"}
{"payload":{"local_timestamp":1687925317910,"stderr":true,"stdout":"^"},"type":"ws_msg"}
{"payload":{"local_timestamp":1687925317910,"stderr":true,"stdout":"\n"},"type":"ws_msg"}
{"payload":{"local_timestamp":1687925317910,"stderr":true,"stdout":"  File \"C:\\Users\\tjzhang\\AppData\\Local\\anaconda3\\envs\\car_count\\Lib\\site-packages\\yaml\\__init__.py\", line 79, in load\n"},"type":"ws_msg"}
{"payload":{"local_timestamp":1687925317910,"stderr":true,"stdout":"    "},"type":"ws_msg"}
{"payload":{"local_timestamp":1687925317910,"stderr":true,"stdout":"loader = Loader(stream)"},"type":"ws_msg"}
{"payload":{"local_timestamp":1687925317925,"stderr":true,"stdout":"\n"},"type":"ws_msg"}
{"payload":{"local_timestamp":1687925317925,"stderr":true,"stdout":" "},"type":"ws_msg"}
{"payload":{"local_timestamp":1687925317925,"stderr":true,"stdout":" "},"type":"ws_msg"}
{"payload":{"local_timestamp":1687925317925,"stderr":true,"stdout":" "},"type":"ws_msg"}
{"payload":{"local_timestamp":1687925317925,"stderr":true,"stdout":" "},"type":"ws_msg"}
{"payload":{"local_timestamp":1687925317925,"stderr":true,"stdout":" "},"type":"ws_msg"}
{"payload":{"local_timestamp":1687925317925,"stderr":true,"stdout":" "},"type":"ws_msg"}
{"payload":{"local_timestamp":1687925317925,"stderr":true,"stdout":" "},"type":"ws_msg"}
{"payload":{"local_timestamp":1687925317925,"stderr":true,"stdout":" "},"type":"ws_msg"}
{"payload":{"local_timestamp":1687925317925,"stderr":true,"stdout":" "},"type":"ws_msg"}
{"payload":{"local_timestamp":1687925317925,"stderr":true,"stdout":" "},"type":"ws_msg"}
{"payload":{"local_timestamp":1687925317925,"stderr":true,"stdout":" "},"type":"ws_msg"}
{"payload":{"local_timestamp":1687925317925,"stderr":true,"stdout":" "},"type":"ws_msg"}
{"payload":{"local_timestamp":1687925317925,"stderr":true,"stdout":" "},"type":"ws_msg"}
{"payload":{"local_timestamp":1687925317925,"stderr":true,"stdout":"^"},"type":"ws_msg"}
{"payload":{"local_timestamp":1687925317925,"stderr":true,"stdout":"^"},"type":"ws_msg"}
{"payload":{"local_timestamp":1687925317925,"stderr":true,"stdout":"^"},"type":"ws_msg"}
{"payload":{"local_timestamp":1687925317925,"stderr":true,"stdout":"^"},"type":"ws_msg"}
{"payload":{"local_timestamp":1687925317925,"stderr":true,"stdout":"^"},"type":"ws_msg"}
{"payload":{"local_timestamp":1687925317925,"stderr":true,"stdout":"^"},"type":"ws_msg"}
{"payload":{"local_timestamp":1687925317925,"stderr":true,"stdout":"^"},"type":"ws_msg"}
{"payload":{"local_timestamp":1687925317925,"stderr":true,"stdout":"^"},"type":"ws_msg"}
{"payload":{"local_timestamp":1687925317925,"stderr":true,"stdout":"^"},"type":"ws_msg"}
{"payload":{"local_timestamp":1687925317925,"stderr":true,"stdout":"^"},"type":"ws_msg"}
{"payload":{"local_timestamp":1687925317925,"stderr":true,"stdout":"^"},"type":"ws_msg"}
{"payload":{"local_timestamp":1687925317925,"stderr":true,"stdout":"^"},"type":"ws_msg"}
{"payload":{"local_timestamp":1687925317925,"stderr":true,"stdout":"^"},"type":"ws_msg"}
{"payload":{"local_timestamp":1687925317925,"stderr":true,"stdout":"^"},"type":"ws_msg"}
{"payload":{"local_timestamp":1687925317925,"stderr":true,"stdout":"\n"},"type":"ws_msg"}
{"payload":{"local_timestamp":1687925317925,"stderr":true,"stdout":"  File \"C:\\Users\\tjzhang\\AppData\\Local\\anaconda3\\envs\\car_count\\Lib\\site-packages\\yaml\\loader.py\", line 34, in __init__\n"},"type":"ws_msg"}
{"payload":{"local_timestamp":1687925317925,"stderr":true,"stdout":"    "},"type":"ws_msg"}
{"payload":{"local_timestamp":1687925317925,"stderr":true,"stdout":"Reader.__init__(self, stream)"},"type":"ws_msg"}
{"payload":{"local_timestamp":1687925317925,"stderr":true,"stdout":"\n"},"type":"ws_msg"}
{"payload":{"local_timestamp":1687925317925,"stderr":true,"stdout":"  File \"C:\\Users\\tjzhang\\AppData\\Local\\anaconda3\\envs\\car_count\\Lib\\site-packages\\yaml\\reader.py\", line 85, in __init__\n"},"type":"ws_msg"}
{"payload":{"local_timestamp":1687925317925,"stderr":true,"stdout":"    "},"type":"ws_msg"}
{"payload":{"local_timestamp":1687925317925,"stderr":true,"stdout":"self.determine_encoding()"},"type":"ws_msg"}
{"payload":{"local_timestamp":1687925317925,"stderr":true,"stdout":"\n"},"type":"ws_msg"}
{"payload":{"local_timestamp":1687925317925,"stderr":true,"stdout":"  File \"C:\\Users\\tjzhang\\AppData\\Local\\anaconda3\\envs\\car_count\\Lib\\site-packages\\yaml\\reader.py\", line 124, in determine_encoding\n"},"type":"ws_msg"}
{"payload":{"local_timestamp":1687925317925,"stderr":true,"stdout":"    "},"type":"ws_msg"}
{"payload":{"local_timestamp":1687925317925,"stderr":true,"stdout":"self.update_raw()"},"type":"ws_msg"}
{"payload":{"local_timestamp":1687925317925,"stderr":true,"stdout":"\n"},"type":"ws_msg"}
{"payload":{"local_timestamp":1687925317925,"stderr":true,"stdout":"  File \"C:\\Users\\tjzhang\\AppData\\Local\\anaconda3\\envs\\car_count\\Lib\\site-packages\\yaml\\reader.py\", line 178, in update_raw\n"},"type":"ws_msg"}
{"payload":{"local_timestamp":1687925317925,"stderr":true,"stdout":"    "},"type":"ws_msg"}
{"payload":{"local_timestamp":1687925317925,"stderr":true,"stdout":"data = self.stream.read(size)"},"type":"ws_msg"}
{"payload":{"local_timestamp":1687925317925,"stderr":true,"stdout":"\n"},"type":"ws_msg"}
{"payload":{"local_timestamp":1687925317925,"stderr":true,"stdout":" "},"type":"ws_msg"}
{"payload":{"local_timestamp":1687925317925,"stderr":true,"stdout":" "},"type":"ws_msg"}
{"payload":{"local_timestamp":1687925317925,"stderr":true,"stdout":" "},"type":"ws_msg"}
{"payload":{"local_timestamp":1687925317925,"stderr":true,"stdout":" "},"type":"ws_msg"}
{"payload":{"local_timestamp":1687925317925,"stderr":true,"stdout":" "},"type":"ws_msg"}
{"payload":{"local_timestamp":1687925317925,"stderr":true,"stdout":" "},"type":"ws_msg"}
{"payload":{"local_timestamp":1687925317925,"stderr":true,"stdout":" "},"type":"ws_msg"}
{"payload":{"local_timestamp":1687925317925,"stderr":true,"stdout":" "},"type":"ws_msg"}
{"payload":{"local_timestamp":1687925317925,"stderr":true,"stdout":" "},"type":"ws_msg"}
{"payload":{"local_timestamp":1687925317925,"stderr":true,"stdout":" "},"type":"ws_msg"}
{"payload":{"local_timestamp":1687925317925,"stderr":true,"stdout":" "},"type":"ws_msg"}
{"payload":{"local_timestamp":1687925317925,"stderr":true,"stdout":"^"},"type":"ws_msg"}
{"payload":{"local_timestamp":1687925317925,"stderr":true,"stdout":"^"},"type":"ws_msg"}
{"payload":{"local_timestamp":1687925317925,"stderr":true,"stdout":"^"},"type":"ws_msg"}
{"payload":{"local_timestamp":1687925317925,"stderr":true,"stdout":"^"},"type":"ws_msg"}
{"payload":{"local_timestamp":1687925317925,"stderr":true,"stdout":"^"},"type":"ws_msg"}
{"payload":{"local_timestamp":1687925317925,"stderr":true,"stdout":"^"},"type":"ws_msg"}
{"payload":{"local_timestamp":1687925317925,"stderr":true,"stdout":"^"},"type":"ws_msg"}
{"payload":{"local_timestamp":1687925317925,"stderr":true,"stdout":"^"},"type":"ws_msg"}
{"payload":{"local_timestamp":1687925317925,"stderr":true,"stdout":"^"},"type":"ws_msg"}
{"payload":{"local_timestamp":1687925317925,"stderr":true,"stdout":"^"},"type":"ws_msg"}
{"payload":{"local_timestamp":1687925317925,"stderr":true,"stdout":"^"},"type":"ws_msg"}
{"payload":{"local_timestamp":1687925317925,"stderr":true,"stdout":"^"},"type":"ws_msg"}
{"payload":{"local_timestamp":1687925317925,"stderr":true,"stdout":"^"},"type":"ws_msg"}
{"payload":{"local_timestamp":1687925317925,"stderr":true,"stdout":"^"},"type":"ws_msg"}
{"payload":{"local_timestamp":1687925317925,"stderr":true,"stdout":"^"},"type":"ws_msg"}
{"payload":{"local_timestamp":1687925317925,"stderr":true,"stdout":"^"},"type":"ws_msg"}
{"payload":{"local_timestamp":1687925317925,"stderr":true,"stdout":"^"},"type":"ws_msg"}
{"payload":{"local_timestamp":1687925317925,"stderr":true,"stdout":"^"},"type":"ws_msg"}
{"payload":{"local_timestamp":1687925317925,"stderr":true,"stdout":"^"},"type":"ws_msg"}
{"payload":{"local_timestamp":1687925317925,"stderr":true,"stdout":"^"},"type":"ws_msg"}
{"payload":{"local_timestamp":1687925317925,"stderr":true,"stdout":"^"},"type":"ws_msg"}
{"payload":{"local_timestamp":1687925317925,"stderr":true,"stdout":"^"},"type":"ws_msg"}
{"payload":{"local_timestamp":1687925317925,"stderr":true,"stdout":"\n"},"type":"ws_msg"}
{"payload":{"local_timestamp":1687925317925,"stderr":true,"stdout":"  File \"C:\\Users\\tjzhang\\AppData\\Local\\anaconda3\\envs\\car_count\\Lib\\encodings\\cp1252.py\", line 23, in decode\n"},"type":"ws_msg"}
{"payload":{"local_timestamp":1687925317925,"stderr":true,"stdout":"    "},"type":"ws_msg"}
{"payload":{"local_timestamp":1687925317925,"stderr":true,"stdout":"return codecs.charmap_decode(input,self.errors,decoding_table)[0]"},"type":"ws_msg"}
{"payload":{"local_timestamp":1687925317925,"stderr":true,"stdout":"\n"},"type":"ws_msg"}
{"payload":{"local_timestamp":1687925317925,"stderr":true,"stdout":" "},"type":"ws_msg"}
{"payload":{"local_timestamp":1687925317925,"stderr":true,"stdout":" "},"type":"ws_msg"}
{"payload":{"local_timestamp":1687925317925,"stderr":true,"stdout":" "},"type":"ws_msg"}
{"payload":{"local_timestamp":1687925317925,"stderr":true,"stdout":" "},"type":"ws_msg"}
{"payload":{"local_timestamp":1687925317925,"stderr":true,"stdout":" "},"type":"ws_msg"}
{"payload":{"local_timestamp":1687925317925,"stderr":true,"stdout":" "},"type":"ws_msg"}
{"payload":{"local_timestamp":1687925317925,"stderr":true,"stdout":" "},"type":"ws_msg"}
{"payload":{"local_timestamp":1687925317925,"stderr":true,"stdout":" "},"type":"ws_msg"}
{"payload":{"local_timestamp":1687925317925,"stderr":true,"stdout":" "},"type":"ws_msg"}
{"payload":{"local_timestamp":1687925317925,"stderr":true,"stdout":" "},"type":"ws_msg"}
{"payload":{"local_timestamp":1687925317925,"stderr":true,"stdout":" "},"type":"ws_msg"}
{"payload":{"local_timestamp":1687925317925,"stderr":true,"stdout":"^"},"type":"ws_msg"}
{"payload":{"local_timestamp":1687925317925,"stderr":true,"stdout":"^"},"type":"ws_msg"}
{"payload":{"local_timestamp":1687925317925,"stderr":true,"stdout":"^"},"type":"ws_msg"}
{"payload":{"local_timestamp":1687925317925,"stderr":true,"stdout":"^"},"type":"ws_msg"}
{"payload":{"local_timestamp":1687925317925,"stderr":true,"stdout":"^"},"type":"ws_msg"}
{"payload":{"local_timestamp":1687925317925,"stderr":true,"stdout":"^"},"type":"ws_msg"}
{"payload":{"local_timestamp":1687925317925,"stderr":true,"stdout":"^"},"type":"ws_msg"}
{"payload":{"local_timestamp":1687925317925,"stderr":true,"stdout":"^"},"type":"ws_msg"}
{"payload":{"local_timestamp":1687925317925,"stderr":true,"stdout":"^"},"type":"ws_msg"}
{"payload":{"local_timestamp":1687925317925,"stderr":true,"stdout":"^"},"type":"ws_msg"}
{"payload":{"local_timestamp":1687925317925,"stderr":true,"stdout":"^"},"type":"ws_msg"}
{"payload":{"local_timestamp":1687925317925,"stderr":true,"stdout":"^"},"type":"ws_msg"}
{"payload":{"local_timestamp":1687925317925,"stderr":true,"stdout":"^"},"type":"ws_msg"}
{"payload":{"local_timestamp":1687925317925,"stderr":true,"stdout":"^"},"type":"ws_msg"}
{"payload":{"local_timestamp":1687925317925,"stderr":true,"stdout":"^"},"type":"ws_msg"}
{"payload":{"local_timestamp":1687925317925,"stderr":true,"stdout":"^"},"type":"ws_msg"}
{"payload":{"local_timestamp":1687925317925,"stderr":true,"stdout":"^"},"type":"ws_msg"}
{"payload":{"local_timestamp":1687925317925,"stderr":true,"stdout":"^"},"type":"ws_msg"}
{"payload":{"local_timestamp":1687925317925,"stderr":true,"stdout":"^"},"type":"ws_msg"}
{"payload":{"local_timestamp":1687925317925,"stderr":true,"stdout":"^"},"type":"ws_msg"}
{"payload":{"local_timestamp":1687925317925,"stderr":true,"stdout":"^"},"type":"ws_msg"}
{"payload":{"local_timestamp":1687925317925,"stderr":true,"stdout":"^"},"type":"ws_msg"}
{"payload":{"local_timestamp":1687925317925,"stderr":true,"stdout":"^"},"type":"ws_msg"}
{"payload":{"local_timestamp":1687925317925,"stderr":true,"stdout":"^"},"type":"ws_msg"}
{"payload":{"local_timestamp":1687925317925,"stderr":true,"stdout":"^"},"type":"ws_msg"}
{"payload":{"local_timestamp":1687925317925,"stderr":true,"stdout":"^"},"type":"ws_msg"}
{"payload":{"local_timestamp":1687925317925,"stderr":true,"stdout":"^"},"type":"ws_msg"}
{"payload":{"local_timestamp":1687925317925,"stderr":true,"stdout":"^"},"type":"ws_msg"}
{"payload":{"local_timestamp":1687925317925,"stderr":true,"stdout":"^"},"type":"ws_msg"}
{"payload":{"local_timestamp":1687925317925,"stderr":true,"stdout":"^"},"type":"ws_msg"}
{"payload":{"local_timestamp":1687925317925,"stderr":true,"stdout":"^"},"type":"ws_msg"}
{"payload":{"local_timestamp":1687925317925,"stderr":true,"stdout":"^"},"type":"ws_msg"}
{"payload":{"local_timestamp":1687925317925,"stderr":true,"stdout":"^"},"type":"ws_msg"}
{"payload":{"local_timestamp":1687925317925,"stderr":true,"stdout":"^"},"type":"ws_msg"}
{"payload":{"local_timestamp":1687925317925,"stderr":true,"stdout":"^"},"type":"ws_msg"}
{"payload":{"local_timestamp":1687925317925,"stderr":true,"stdout":"^"},"type":"ws_msg"}
{"payload":{"local_timestamp":1687925317925,"stderr":true,"stdout":"^"},"type":"ws_msg"}
{"payload":{"local_timestamp":1687925317925,"stderr":true,"stdout":"^"},"type":"ws_msg"}
{"payload":{"local_timestamp":1687925317925,"stderr":true,"stdout":"^"},"type":"ws_msg"}
{"payload":{"local_timestamp":1687925317925,"stderr":true,"stdout":"^"},"type":"ws_msg"}
{"payload":{"local_timestamp":1687925317925,"stderr":true,"stdout":"^"},"type":"ws_msg"}
{"payload":{"local_timestamp":1687925317925,"stderr":true,"stdout":"^"},"type":"ws_msg"}
{"payload":{"local_timestamp":1687925317925,"stderr":true,"stdout":"^"},"type":"ws_msg"}
{"payload":{"local_timestamp":1687925317925,"stderr":true,"stdout":"^"},"type":"ws_msg"}
{"payload":{"local_timestamp":1687925317925,"stderr":true,"stdout":"^"},"type":"ws_msg"}
{"payload":{"local_timestamp":1687925317925,"stderr":true,"stdout":"^"},"type":"ws_msg"}
{"payload":{"local_timestamp":1687925317925,"stderr":true,"stdout":"^"},"type":"ws_msg"}
{"payload":{"local_timestamp":1687925317925,"stderr":true,"stdout":"^"},"type":"ws_msg"}
{"payload":{"local_timestamp":1687925317925,"stderr":true,"stdout":"^"},"type":"ws_msg"}
{"payload":{"local_timestamp":1687925317925,"stderr":true,"stdout":"^"},"type":"ws_msg"}
{"payload":{"local_timestamp":1687925317925,"stderr":true,"stdout":"^"},"type":"ws_msg"}
{"payload":{"local_timestamp":1687925317925,"stderr":true,"stdout":"^"},"type":"ws_msg"}
{"payload":{"local_timestamp":1687925317925,"stderr":true,"stdout":"^"},"type":"ws_msg"}
{"payload":{"local_timestamp":1687925317925,"stderr":true,"stdout":"^"},"type":"ws_msg"}
{"payload":{"local_timestamp":1687925317925,"stderr":true,"stdout":"^"},"type":"ws_msg"}
{"payload":{"local_timestamp":1687925317925,"stderr":true,"stdout":"\n"},"type":"ws_msg"}
{"payload":{"local_timestamp":1687925317925,"stderr":true,"stdout":"UnicodeDecodeError"},"type":"ws_msg"}
{"payload":{"local_timestamp":1687925317925,"stderr":true,"stdout":": "},"type":"ws_msg"}
{"payload":{"local_timestamp":1687925317925,"stderr":true,"stdout":"'charmap' codec can't decode byte 0x90 in position 291: character maps to <undefined>"},"type":"ws_msg"}
{"payload":{"local_timestamp":1687925317925,"stderr":true,"stdout":"\n"},"type":"ws_msg"}
{"payload":{"git_meta":{"branch":"refs/heads/main","origin":"https://github.com/tjboise/ITDintern.git","parent":"fcd4ec61c6f76535c875ce6a30018fcaada871eb","repo_name":"ITDintern","root":"dbb53b1f30592430b2341163c1c2d3feb7cea443","status":null,"user":null},"local_timestamp":1687925317941},"type":"ws_msg"}
{"payload":{"local_timestamp":1687925317941,"stderr":true,"stdout":"COMET WARNING: Unknown error exporting current conda environment\n"},"type":"ws_msg"}
{"payload":{"local_timestamp":1687925317941,"stderr":true,"stdout":"COMET WARNING: Unknown error retrieving Conda package as an explicit file\n"},"type":"ws_msg"}
{"payload":{"local_timestamp":1687925317957,"stderr":true,"stdout":"COMET WARNING: Unknown error retrieving Conda information\n"},"type":"ws_msg"}
{"payload":{"local_timestamp":1687925317957,"stderr":true,"stdout":"COMET INFO: ---------------------------------------------------------------------------------------\n"},"type":"ws_msg"}
{"payload":{"local_timestamp":1687925317957,"stderr":true,"stdout":"COMET INFO: Comet.ml OfflineExperiment Summary\n"},"type":"ws_msg"}
{"payload":{"local_timestamp":1687925317957,"stderr":true,"stdout":"COMET INFO: ---------------------------------------------------------------------------------------\n"},"type":"ws_msg"}
{"payload":{"local_timestamp":1687925317957,"stderr":true,"stdout":"COMET INFO:   Data:\n"},"type":"ws_msg"}
{"payload":{"local_timestamp":1687925317957,"stderr":true,"stdout":"COMET INFO:     display_summary_level : 1\n"},"type":"ws_msg"}
{"payload":{"local_timestamp":1687925317957,"stderr":true,"stdout":"COMET INFO:     url                   : [OfflineExperiment will get URL after upload]\n"},"type":"ws_msg"}
{"payload":{"local_timestamp":1687925317957,"stderr":true,"stdout":"COMET INFO:   Others:\n"},"type":"ws_msg"}
{"payload":{"local_timestamp":1687925317957,"stderr":true,"stdout":"COMET INFO:     Name               : exp\n"},"type":"ws_msg"}
{"payload":{"local_timestamp":1687925317957,"stderr":true,"stdout":"COMET INFO:     offline_experiment : True\n"},"type":"ws_msg"}
{"payload":{"local_timestamp":1687925317957,"stderr":true,"stdout":"COMET INFO:   Uploads:\n"},"type":"ws_msg"}
{"payload":{"local_timestamp":1687925317957,"stderr":true,"stdout":"COMET INFO:     environment details : 1\n"},"type":"ws_msg"}
{"payload":{"local_timestamp":1687925317957,"stderr":true,"stdout":"COMET INFO:     git metadata        : 1\n"},"type":"ws_msg"}
{"payload":{"local_timestamp":1687925317957,"stderr":true,"stdout":"COMET INFO:     installed packages  : 1\n"},"type":"ws_msg"}
{"payload":{"local_timestamp":1687925317957,"stderr":true,"stdout":"COMET INFO: \n"},"type":"ws_msg"}
